commune,code_insee,code_postal,zone
Carcans,33097,33121,Nord Atlantique
Grayan-et-l'Hôpital,33193,33590,Nord Atlantique
Hourtin,33203,33990,Nord Atlantique
Jau-Dignac-et-Loirac,33208,33590,Nord Atlantique
Lacanau,33214,33680,Nord Atlantique
Le Verdon-sur-Mer,33544,33123,Nord Atlantique
Naujac-sur-Mer,33300,33990,Nord Atlantique
Queyrac,33348,33340,Nord Atlantique
Saint-Vivien-de-Médoc,33490,33590,Nord Atlantique
Soulac-sur-Mer,33514,33780,Nord Atlantique
Talais,33521,33590,Nord Atlantique
Valeyrac,33538,33340,Nord Atlantique
Vendays-Montalivet,33540,33930,Nord Atlantique
Vensac,33541,33590,Nord Atlantique
Blaignan-Prignac,33055,33340,Cœur de Presqu'île
Bégadan,33038,33340,Cœur de Presqu'île
Cissac-Médoc,33125,33250,Cœur de Presqu'île
Civrac-en-Médoc,33128,33340,Cœur de Presqu'île
Couquèques,33134,33340,Cœur de Presqu'île
Gaillan-en-Médoc,33177,33340,Cœur de Presqu'île
Lesparre-Médoc,33240,33340,Cœur de Presqu'île
Ordonnac,33309,33340,Cœur de Presqu'île
Pauillac,33314,33250,Cœur de Presqu'île
Saint-Christoly-Médoc,33383,33340,Cœur de Presqu'île
Saint-Estèphe,33395,33180,Cœur de Presqu'île
Saint-Germain-d'Esteuil,33412,33340,Cœur de Presqu'île
Saint-Julien-Beychevelle,33423,33250,Cœur de Presqu'île
Saint-Laurent-Médoc,33424,33112,Cœur de Presqu'île
Saint-Sauveur,33471,33250,Cœur de Presqu'île
Saint-Seurin-de-Cadourne,33476,33180,Cœur de Presqu'île
Saint-Yzans-de-Médoc,33493,33340,Cœur de Presqu'île
Vertheuil,33545,33180,Cœur de Presqu'île
Arcins,33010,33460,Estuaire
Arsac,33012,33460,Estuaire
Cussac-Fort-Médoc,33146,33460,Estuaire
Labarde,33211,33460,Estuaire
Lamarque,33220,33460,Estuaire
Le Pian-Médoc,33322,33290,Estuaire
Ludon-Médoc,33256,33290,Estuaire
Macau,33262,33460,Estuaire
Margaux-Cantenac,33268,33460,Estuaire
Soussans,33517,33460,Estuaire
Avensan,33022,33480,Médullienne
Brach,33070,33480,Médullienne
Castelnau-de-Médoc,33104,33480,Médullienne
Le Porge,33333,33680,Médullienne
Le Temple,33528,33680,Médullienne
Listrac-Médoc,33248,33480,Médullienne
Moulis-en-Médoc,33297,33480,Médullienne
Sainte-Hélène,33417,33480,Médullienne
Salaunes,33494,33160,Médullienne
Saumos,33503,33680,Médullienne
Blanquefort,33056,33290,Portes du Médoc
Parempuyre,33312,33290,Portes du Médoc
Le Taillan-Médoc,33519,33320,Portes du Médoc
Saint-Aubin-de-Médoc,33376,33160,Portes du Médoc
