commune,code_postal,zone
Carcans,33121,Nord Atlantique
Lacanau,33680,Nord Atlantique
Hourtin,33990,Nord Atlantique
Naujac-sur-Mer,33990,Nord Atlantique
Vendays-Montalivet,33930,Nord Atlantique
Queyrac,33340,Nord Atlantique
Valeyrac,33340,Nord Atlantique
Soulac-sur-Mer,33780,Nord Atlantique
Le Verdon-sur-Mer,33123,Nord Atlantique
Grayan-et-l'Hôpital,33590,Nord Atlantique
Jau-Dignac-et-Loirac,33590,Nord Atlantique
Saint-Vivien-de-Médoc,33590,Nord Atlantique
Talais,33590,Nord Atlantique
Vensac,33590,Nord Atlantique
Lesparre-Médoc,33340,Cœur de Presqu'île
Bégadan,33340,Cœur de Presqu'île
Blaignan-Prignac,33340,Cœur de Presqu'île
Civrac-en-Médoc,33340,Cœur de Presqu'île
Couquèques,33340,Cœur de Presqu'île
Gaillan-en-Médoc,33340,Cœur de Presqu'île
Ordonnac,33340,Cœur de Presqu'île
Saint-Christoly-Médoc,33340,Cœur de Presqu'île
Saint-Germain-d'Esteuil,33340,Cœur de Presqu'île
Saint-Yzans-de-Médoc,33340,Cœur de Presqu'île
Pauillac,33250,Cœur de Presqu'île
Cissac-Médoc,33250,Cœur de Presqu'île
Saint-Julien-Beychevelle,33250,Cœur de Presqu'île
Saint-Sauveur,33250,Cœur de Presqu'île
Saint-Laurent-Médoc,33112,Cœur de Presqu'île
Saint-Estèphe,33180,Cœur de Presqu'île
Saint-Seurin-de-Cadourne,33180,Cœur de Presqu'île
Vertheuil,33180,Cœur de Presqu'île
Arcins,33460,Estuaire
Arsac,33460,Estuaire
Cussac-Fort-Médoc,33460,Estuaire
Labarde,33460,Estuaire
Lamarque,33460,Estuaire
Macau,33460,Estuaire
Margaux-Cantenac,33460,Estuaire
Soussans,33460,Estuaire
Ludon-Médoc,33290,Estuaire
Le Pian-Médoc,33290,Estuaire
Avensan,33480,Médullienne
Brach,33480,Médullienne
Castelnau-de-Médoc,33480,Médullienne
Listrac-Médoc,33480,Médullienne
Moulis-en-Médoc,33480,Médullienne
Sainte-Hélène,33480,Médullienne
Salaunes,33160,Médullienne
Le Porge,33680,Médullienne
Le Temple,33680,Médullienne
Saumos,33680,Médullienne
Blanquefort,33290,Portes du Médoc
Parempuyre,33290,Portes du Médoc
Le Taillan-Médoc,33320,Portes du Médoc
Saint-Aubin-de-Médoc,33160,Portes du Médoc
